,mean,median,std,variance,skewness
n,50.551818181818184,37.0,36.9173338337566,1362.88953739303,0.5097213691539147
p,53.36272727272727,51.0,32.98588273858715,1088.0684600438217,1.0107725431372674
k,48.14909090909091,32.0,50.64793054666013,2565.212868659308,2.3751672388547
temperature,25.616243851779544,25.5986932,5.063748599958843,25.64154988358514,0.18493273421137887
humidity,71.48177921778637,80.473145665,22.263811589761083,495.67730650437994,-1.0917079195808679
ph,6.469480065256364,6.42504527,0.7739376880298733,0.5989795449530254,0.2839294375729441
rainfall,103.46365541576817,94.86762427,54.95838852487813,3020.4244692514562,0.9657563536272812
